id,user_token,email,password
1,user1,alice@gmail.com,sjkfjlf
2,user2,bob@gmail.com,dkljas
3,user3,carol@gmail.com,alkdjl
4,user4,dan@gmail.com,dkjflk
5,user5,eve@gmail.com,sa;dladk
6,user6,frank@gmail.com,kdlfjs
7,user7,grace@gmail.com,dkfjlksss
8,user8,heidi@gmail.com,dkfjlkdh
9,user9,ivan@gmail.com,jskjdskdj
10,user10,judy@gmail.com,asldkasdj
11,user11,kris@gmail.com,asdlaskdj
12,user12,lee@gmail.com,qqwioe
13,user13,mike@gmail.com,akldjald
14,user14,naomi@gmail.com,eioej3i
15,user15,olivia@gmail.com,akldjald
16,user16,payton@gmail.com,dandjkldj
17,user17,quincy@gmail.com,akldjaldkdd
18,user18,rebecca@gmail.com,sklsjsjssl
19,user19,sam@gmail.com,dk;ldkdld
20,user20,tracy@gmail.com,akldjaldksksks