id,user_token,email,password,first_name,last_name
1,user1,alice@gmail.com,sjkfjlf,Alice,Camley
2,user2,bob@gmail.com,dkljas,Robert,Strauss
3,user3,carol@gmail.com,alkdjl,Carol,Hirose
4,user4,dan@gmail.com,dkjflk,Daniel,Dubois
5,user5,eve@gmail.com,sa;dladk,Eve,Butler
6,user6,frank@gmail.com,kdlfjs,Francesco,Mengoni
7,user7,grace@gmail.com,dkfjlksss,Grace,Park
8,user8,heidi@gmail.com,dkfjlkdh,Heidi,Smith
9,user9,ivan@gmail.com,jskjdskdj,Ivan,Shevchenko
10,user10,judy@gmail.com,asldkasdj,Judy,Schroeder
11,user11,kris@gmail.com,asdlaskdj,Kris,Ramos
12,user12,lee@gmail.com,qqwioe,Lee,Baldwin
13,user13,mike@gmail.com,akldjald,Michael,Tatanka
14,user14,naomi@gmail.com,eioej3i,Naomi,Elson
15,user15,olivia@gmail.com,akldjald,Olivia,Abbas
16,user16,payton@gmail.com,dandjkldj,Payton,Wu
17,user17,quincy@gmail.com,akldjaldkdd,Quincy,McTavish
18,user18,rebecca@gmail.com,sklsjsjssl,Rebecca,Zhang
19,user19,sam@gmail.com,dk;ldkdld,Samuel,Odoh
20,user20,tracy@gmail.com,akldjaldksksks,Tracy,Thompson